time,obs,obs_id,id
0.5,5.992150025687106,1,1
1.25,5.738106626662739,1,1
2.0,15.005526476697474,1,1
2.75,38.312834979483306,1,1
3.5,14.63025811785398,1,1
4.25,8.717837819373615,1,1
5.0,26.196112859002934,1,1
5.75,12.828119997372365,1,1
6.5,24.382993267526004,1,1
7.25,14.776166783897095,1,1
8.0,17.41040084807717,1,1
8.75,11.60113332233477,1,1
9.5,38.136110320211,1,1
10.25,30.860057010615982,1,1
11.0,20.769857307537993,1,1
11.75,6.076093747749298,1,1
12.5,2.743935676934898,1,1
13.25,8.847861582033998,1,1
14.0,22.77726485206012,1,1
14.75,17.617675481841225,1,1
15.5,10.571738422654207,1,1
16.25,3.119634657563267,1,1
17.0,-0.8381463596685015,1,1
17.75,-1.2360940050541915,1,1
18.5,-2.170542047040143,1,1
19.25,0.8047999596879559,1,1
20.0,0.8507441125121872,1,1
20.75,-2.378586143347738,1,1
21.5,0.2326195151410424,1,1
22.25,10.310054262580527,1,1
23.0,4.852678879584555,1,1
23.75,5.4327492363450665,1,1
24.5,32.29686539735718,1,1
25.25,22.64689080653716,1,1
26.0,3.4415259272282452,1,1
26.75,1.9161976064967081,1,1
27.5,4.278248755077363,1,1
28.25,12.53850995432637,1,1
29.0,26.703902575319844,1,1
29.75,25.787368736205035,1,1
30.5,54.588234839053044,1,1
31.25,44.77599387567929,1,1
32.0,15.212056812263562,1,1
32.75,32.46269458006423,1,1
33.5,16.23112871782831,1,1
34.25,10.538187907399172,1,1
35.0,14.48066448808791,1,1
35.75,5.152327507375972,1,1
36.5,13.301228184918628,1,1
37.25,27.379179724016808,1,1
38.0,8.97661097286975,1,1
38.75,3.08449877530406,1,1
39.5,-2.57322390212906,1,1
40.25,-2.195236516090235,1,1
41.0,1.064721630981244,1,1
41.75,1.2664845988796856,1,1
42.5,-3.2638660285044225,1,1
43.25,2.5327724440057144,1,1
44.0,-0.9839180520831363,1,1
44.75,-0.6458025711052395,1,1
45.5,11.598610887279104,1,1
46.25,-0.2002843508165677,1,1
47.0,7.10322018851369,1,1
47.75,6.14233346253009,1,1
0.5,10.724600987658231,1,2
1.25,14.976382514316406,1,2
2.0,28.572419093301598,1,2
2.75,19.576951802929123,1,2
3.5,38.279037343527435,1,2
4.25,13.39389965137234,1,2
5.0,5.902690095361635,1,2
5.75,14.568864073040116,1,2
6.5,47.77809688764762,1,2
7.25,31.55981642282045,1,2
8.0,35.751529996352694,1,2
8.75,36.14232041908433,1,2
9.5,8.616953433330899,1,2
10.25,0.13972041583687256,1,2
11.0,7.366291577375165,1,2
11.75,0.5593015888887043,1,2
12.5,-1.8452599550078284,1,2
13.25,1.7962350864238097,1,2
14.0,24.01283265316272,1,2
14.75,8.945561910229033,1,2
15.5,27.865500449322784,1,2
16.25,8.719472951470234,1,2
17.0,2.586557728825759,1,2
17.75,2.5010534325125104,1,2
18.5,2.029928770837371,1,2
19.25,-0.9109394952615629,1,2
20.0,0.1388459481819057,1,2
20.75,1.0036617494012594,1,2
21.5,1.8256835354521583,1,2
22.25,-2.152277924635803,1,2
23.0,-2.255308634856864,1,2
23.75,6.832255011048817,1,2
24.5,24.249367202676567,1,2
25.25,15.04112236476181,1,2
26.0,18.270647498330515,1,2
26.75,12.12614374766712,1,2
27.5,5.421116537665471,1,2
28.25,0.8203510361396104,1,2
29.0,16.844235204279034,1,2
29.75,39.5648752984749,1,2
30.5,35.47613242283886,1,2
31.25,23.286862475577717,1,2
32.0,18.163864229841995,1,2
32.75,12.425253819216346,1,2
33.5,10.669705762966226,1,2
34.25,10.581503736043647,1,2
35.0,0.31654754152497155,1,2
35.75,14.527365147272475,1,2
36.5,10.086576271983848,1,2
37.25,3.62732026429742,1,2
38.0,13.916589447277037,1,2
38.75,5.72181831124878,1,2
39.5,4.298072330829319,1,2
40.25,2.3774394674532453,1,2
41.0,-0.19501022886485941,1,2
41.75,-0.6397818794138679,1,2
42.5,-1.0583956999926725,1,2
43.25,2.944815989888296,1,2
44.0,2.348620906804212,1,2
44.75,2.713845588821273,1,2
45.5,4.961782470991678,1,2
46.25,-0.16865113890838734,1,2
47.0,8.775839365411336,1,2
47.75,8.437394108194153,1,2
0.5,7.4743290742571,1,3
1.25,28.657084717537266,1,3
2.0,23.69261400886814,1,3
2.75,12.540707286401283,1,3
3.5,3.500947922986592,1,3
4.25,4.620206812443471,1,3
5.0,3.306531091264393,1,3
5.75,18.35223955658268,1,3
6.5,34.3598855729968,1,3
7.25,35.123179125783004,1,3
8.0,59.30756323117434,1,3
8.75,24.2801935936926,1,3
9.5,12.626075807519426,1,3
10.25,8.04586777951747,1,3
11.0,5.369202616688677,1,3
11.75,20.983685851373544,1,3
12.5,21.997637133926368,1,3
13.25,2.4439612103464405,1,3
14.0,10.90460200139871,1,3
14.75,29.720595641930487,1,3
15.5,33.221439886103724,1,3
16.25,12.924564487900854,1,3
17.0,3.4675367041251848,1,3
17.75,-1.4371986230499139,1,3
18.5,-1.2572809853995444,1,3
19.25,1.2558803595656969,1,3
20.0,-0.10723857644566757,1,3
20.75,3.2846709557836857,1,3
21.5,6.297634353661328,1,3
22.25,10.37408989361075,1,3
23.0,9.078301425782216,1,3
23.75,9.998693771627417,1,3
24.5,24.035576286226263,1,3
25.25,29.972088613540834,1,3
26.0,10.202868596067134,1,3
26.75,16.91320687282977,1,3
27.5,18.687079284205915,1,3
28.25,45.70395862686991,1,3
29.0,42.946974035246775,1,3
29.75,34.84624302897224,1,3
30.5,21.59211702115576,1,3
31.25,32.303878242889695,1,3
32.0,28.366083446780053,1,3
32.75,65.34092975649205,1,3
33.5,33.792312110035354,1,3
34.25,30.51412672457736,1,3
35.0,35.61899527988737,1,3
35.75,25.864482274882445,1,3
36.5,24.329160003957483,1,3
37.25,39.76948822049834,1,3
38.0,34.10413793704955,1,3
38.75,13.488856076596822,1,3
39.5,2.5204800129476777,1,3
40.25,2.538843223237014,1,3
41.0,3.5697394924282415,1,3
41.75,11.140452320816701,1,3
42.5,4.604063000165555,1,3
43.25,5.247076365378361,1,3
44.0,-1.7994941358605303,1,3
44.75,-0.4475857833265835,1,3
45.5,-2.2902137703131933,1,3
46.25,2.5255028521392284,1,3
47.0,0.8281983813696074,1,3
47.75,4.589994652214631,1,3
0.5,17.31711558561297,1,4
1.25,16.698999664408205,1,4
2.0,10.814615960130268,1,4
2.75,23.33890111569274,1,4
3.5,29.909604527853126,1,4
4.25,32.26844284653782,1,4
5.0,40.46602937294705,1,4
5.75,27.187670396347112,1,4
6.5,59.01324171324929,1,4
7.25,55.02143344231715,1,4
8.0,76.2548206609073,1,4
8.75,54.18623287857702,1,4
9.5,66.47156625131173,1,4
10.25,53.866600682819424,1,4
11.0,52.57759878635025,1,4
11.75,59.387935335139765,1,4
12.5,50.561703710089695,1,4
13.25,21.998494428602594,1,4
14.0,20.68185903727295,1,4
14.75,13.30717449782358,1,4
15.5,7.7885800001420495,1,4
16.25,3.269796254773153,1,4
17.0,2.448865616872906,1,4
17.75,0.516950318264761,1,4
18.5,-4.72118175704203,1,4
19.25,1.4649717582469333,1,4
20.0,3.5273707954570015,1,4
20.75,-4.377037246405977,1,4
21.5,-0.12281722115157358,1,4
22.25,1.4040808057228946,1,4
23.0,-1.1170011520902157,1,4
23.75,-4.127896416415357,1,4
24.5,20.525238025916515,1,4
25.25,14.561772127421555,1,4
26.0,33.474980324774414,1,4
26.75,28.357376861198983,1,4
27.5,25.449644056301715,1,4
28.25,66.35860580725223,1,4
29.0,62.386077777762296,1,4
29.75,95.083988341428,1,4
30.5,63.19625877394005,1,4
31.25,83.30113678772997,1,4
32.0,39.999065645104494,1,4
32.75,47.30970998029161,1,4
33.5,69.62649927230748,1,4
34.25,38.36101260809538,1,4
35.0,53.28344781155173,1,4
35.75,67.1482642109565,1,4
36.5,24.991979156057877,1,4
37.25,8.92784745741322,1,4
38.0,13.561607063755002,1,4
38.75,15.347988924476313,1,4
39.5,18.94179777309646,1,4
40.25,11.51425554960581,1,4
41.0,2.0245988657573015,1,4
41.75,-2.671676188120291,1,4
42.5,-0.14340709007242522,1,4
43.25,2.076799517022564,1,4
44.0,-2.428597693488536,1,4
44.75,4.754904909578265,1,4
45.5,6.929890669568824,1,4
46.25,8.872144880002455,1,4
47.0,35.55554487815335,1,4
47.75,29.851600088537044,1,4
0.5,6.831043377390664,1,5
1.25,23.513965864113626,1,5
2.0,31.080621844541074,1,5
2.75,8.614773810713665,1,5
3.5,16.08532890610315,1,5
4.25,18.974485235450654,1,5
5.0,7.753668652116348,1,5
5.75,22.325349988355093,1,5
6.5,19.116486732903915,1,5
7.25,34.566575007508135,1,5
8.0,28.185363183863817,1,5
8.75,11.368205821946251,1,5
9.5,17.353263677233212,1,5
10.25,2.5335512271553235,1,5
11.0,7.562012815247147,1,5
11.75,10.901664690104267,1,5
12.5,22.77028384216708,1,5
13.25,22.145948433185293,1,5
14.0,14.612118830960807,1,5
14.75,1.938111275889112,1,5
15.5,4.310249419124993,1,5
16.25,4.313526727644498,1,5
17.0,-0.20634537112692808,1,5
17.75,5.404418540287795,1,5
18.5,1.7155251498411936,1,5
19.25,3.693757493795683,1,5
20.0,1.6222852129940346,1,5
20.75,7.707970247981459,1,5
21.5,2.4782614741196416,1,5
22.25,-2.2965348837891986,1,5
23.0,10.187695062255544,1,5
23.75,14.853360562363653,1,5
24.5,13.905514452624056,1,5
25.25,19.943779389218136,1,5
26.0,23.234274815892118,1,5
26.75,22.283055621455567,1,5
27.5,24.77164848139234,1,5
28.25,20.114145331480557,1,5
29.0,19.530560152738055,1,5
29.75,20.81485535251212,1,5
30.5,37.169354790975945,1,5
31.25,15.745366050789823,1,5
32.0,23.109040305392842,1,5
32.75,29.931745305586873,1,5
33.5,13.897678002595935,1,5
34.25,11.655148557899109,1,5
35.0,16.43439628900108,1,5
35.75,7.4753676059033385,1,5
36.5,11.394786258377769,1,5
37.25,9.683049127222445,1,5
38.0,10.399490701346952,1,5
38.75,14.331301117558791,1,5
39.5,18.544220989610675,1,5
40.25,8.295677625052821,1,5
41.0,9.40815146946127,1,5
41.75,3.483291943438822,1,5
42.5,0.19093158327159893,1,5
43.25,-2.2336028811530517,1,5
44.0,-0.05093006864746075,1,5
44.75,-1.1750715054872618,1,5
45.5,2.061116967080029,1,5
46.25,8.912507975729163,1,5
47.0,9.9502558212258,1,5
47.75,17.197553948704712,1,5
0.5,-2.1895765098398146,1,6
1.25,3.4189125367288185,1,6
2.0,3.8032745484790813,1,6
2.75,8.311892200687561,1,6
3.5,1.7699081580006462,1,6
4.25,18.50314050062444,1,6
5.0,6.787752809539105,1,6
5.75,5.145667285579788,1,6
6.5,18.296826473491727,1,6
7.25,12.145089374347371,1,6
8.0,28.774080808872,1,6
8.75,26.60925132513969,1,6
9.5,20.26748431779322,1,6
10.25,15.314143220543727,1,6
11.0,14.103903425700027,1,6
11.75,3.9713428968242273,1,6
12.5,3.0902398773487763,1,6
13.25,2.8544665060492327,1,6
14.0,3.1348723110699734,1,6
14.75,-3.0083718428028012,1,6
15.5,1.0840484997904842,1,6
16.25,1.8336747743461073,1,6
17.0,0.19584687409762094,1,6
17.75,-0.9349480187225484,1,6
18.5,1.1895546272187971,1,6
19.25,-0.6823056576543831,1,6
20.0,2.3443320483514944,1,6
20.75,4.002182322466899,1,6
21.5,3.3301102667737466,1,6
22.25,17.459807439949838,1,6
23.0,4.208556014216332,1,6
23.75,1.4181979724350307,1,6
24.5,16.575497787346944,1,6
25.25,13.067486931261465,1,6
26.0,3.955278682144808,1,6
26.75,23.361966740244316,1,6
27.5,21.1884560758964,1,6
28.25,13.748292689325513,1,6
29.0,5.603567527849316,1,6
29.75,0.7608512979477129,1,6
30.5,23.240122561591665,1,6
31.25,18.13733970454144,1,6
32.0,5.363234014609847,1,6
32.75,29.26117918190215,1,6
33.5,6.006289013862295,1,6
34.25,2.5104182535711375,1,6
35.0,6.93390019151447,1,6
35.75,11.941302632843684,1,6
36.5,4.210051222114363,1,6
37.25,6.759027136100208,1,6
38.0,7.459529507496605,1,6
38.75,0.9170861512607056,1,6
39.5,-1.7441386127215628,1,6
40.25,-0.975237078261804,1,6
41.0,5.703189311610848,1,6
41.75,-1.6452355761211261,1,6
42.5,0.16092617436840168,1,6
43.25,0.29556923365338245,1,6
44.0,5.407229483693703,1,6
44.75,4.162870520066416,1,6
45.5,1.4738001225342925,1,6
46.25,3.1035530962607405,1,6
47.0,8.855571976125491,1,6
47.75,2.842770691389731,1,6
0.5,9.720881315665723,1,7
1.25,5.680821876084228,1,7
2.0,13.58790607403068,1,7
2.75,17.88937023278051,1,7
3.5,23.64750312894847,1,7
4.25,7.738066102271808,1,7
5.0,23.881575551929334,1,7
5.75,13.67620948796877,1,7
6.5,9.597193690106707,1,7
7.25,11.423820301427734,1,7
8.0,9.991758821477351,1,7
8.75,17.919019540026003,1,7
9.5,32.49316900850659,1,7
10.25,15.81795973936859,1,7
11.0,24.55222642669349,1,7
11.75,16.834192068429928,1,7
12.5,20.863099864371264,1,7
13.25,40.1799542271121,1,7
14.0,23.6430107909287,1,7
14.75,15.836008389517024,1,7
15.5,2.989068817376884,1,7
16.25,2.293673196490104,1,7
17.0,11.226096543195249,1,7
17.75,4.49462897999018,1,7
18.5,1.1745218084176992,1,7
19.25,-1.37010145860859,1,7
20.0,-2.756072003345569,1,7
20.75,-3.9562442421604462,1,7
21.5,-0.43262798262169616,1,7
22.25,0.5690851289596469,1,7
23.0,1.155462684106214,1,7
23.75,-5.392405678323987,1,7
24.5,-0.01749482189546292,1,7
25.25,6.183762019561005,1,7
26.0,1.5255734521052982,1,7
26.75,11.562045912369722,1,7
27.5,26.86177304309953,1,7
28.25,19.991136308427137,1,7
29.0,13.89774370359351,1,7
29.75,18.620083859983367,1,7
30.5,18.058584939903493,1,7
31.25,21.524663939476547,1,7
32.0,32.70424298954966,1,7
32.75,19.788890614896765,1,7
33.5,39.93917410060587,1,7
34.25,17.012230144513538,1,7
35.0,4.876690788699779,1,7
35.75,17.071825169639695,1,7
36.5,30.970448419485376,1,7
37.25,17.07477201314524,1,7
38.0,5.1893648790779885,1,7
38.75,-2.2897821911181757,1,7
39.5,1.2629654073290362,1,7
40.25,4.718062522675948,1,7
41.0,0.5425287964147079,1,7
41.75,1.607424847754593,1,7
42.5,2.792669104689031,1,7
43.25,1.0001746885242826,1,7
44.0,2.2553777402563964,1,7
44.75,-0.9847183031901381,1,7
45.5,1.198819122537099,1,7
46.25,1.838127154036485,1,7
47.0,1.6113997005495884,1,7
47.75,6.887897571870239,1,7
0.5,2.7792024008491443,1,8
1.25,8.850978936351455,1,8
2.0,13.032909328045958,1,8
2.75,12.164317508227901,1,8
3.5,29.140756080122053,1,8
4.25,51.14496219059373,1,8
5.0,57.68397979010642,1,8
5.75,55.34631360596472,1,8
6.5,47.383704335268206,1,8
7.25,44.12384678864083,1,8
8.0,39.757720840677514,1,8
8.75,22.58797225729715,1,8
9.5,34.79881265372371,1,8
10.25,31.652879414998846,1,8
11.0,17.608773148473766,1,8
11.75,19.74889176164245,1,8
12.5,42.08049649973357,1,8
13.25,18.17668733470592,1,8
14.0,2.8623347438550706,1,8
14.75,2.041937908641361,1,8
15.5,-2.358807282889755,1,8
16.25,9.066746039078492,1,8
17.0,2.9838252818745925,1,8
17.75,2.4442925299159652,1,8
18.5,0.5990346528484976,1,8
19.25,-2.164708373825532,1,8
20.0,-0.610521793678398,1,8
20.75,0.5452034821286965,1,8
21.5,-1.7345595342086702,1,8
22.25,12.003429589994033,1,8
23.0,18.34567236686757,1,8
23.75,8.132115086130758,1,8
24.5,19.26982701017196,1,8
25.25,43.77156787195455,1,8
26.0,41.45250742592408,1,8
26.75,6.1179292961771266,1,8
27.5,3.2234077109219927,1,8
28.25,28.80099108364482,1,8
29.0,31.950531353804532,1,8
29.75,34.00810751369671,1,8
30.5,22.89027509156874,1,8
31.25,29.010911659354328,1,8
32.0,14.398307795266582,1,8
32.75,29.061399680806897,1,8
33.5,12.456918921554063,1,8
34.25,27.985662409617944,1,8
35.0,27.854966988658756,1,8
35.75,3.6048765675325547,1,8
36.5,-1.8476249111968888,1,8
37.25,-1.1034176081258433,1,8
38.0,1.0951134695387341,1,8
38.75,-0.38112386046603336,1,8
39.5,-1.9268780362651767,1,8
40.25,3.380413639197184,1,8
41.0,0.24611997555145676,1,8
41.75,6.789428377473099,1,8
42.5,4.124074319494307,1,8
43.25,1.8682038676107262,1,8
44.0,2.3511814356580434,1,8
44.75,4.317765630117437,1,8
45.5,1.1335045110634092,1,8
46.25,-0.4850177627687304,1,8
47.0,2.399547589418332,1,8
47.75,1.21932722852014,1,8
0.5,4.398432662100575,1,9
1.25,10.72065810720723,1,9
2.0,36.31962344901905,1,9
2.75,44.73577854797319,1,9
3.5,49.77058279786745,1,9
4.25,53.070496568901234,1,9
5.0,27.78231085671728,1,9
5.75,22.758182695257723,1,9
6.5,23.05519028754128,1,9
7.25,35.869881734839986,1,9
8.0,46.44172776538031,1,9
8.75,55.603885107155605,1,9
9.5,13.131515038089667,1,9
10.25,6.226398083614786,1,9
11.0,18.10700709910434,1,9
11.75,26.505223197562753,1,9
12.5,11.31561906059146,1,9
13.25,7.133748086801561,1,9
14.0,20.255641624981884,1,9
14.75,27.371338323854598,1,9
15.5,7.76138142896021,1,9
16.25,-0.11032553260237243,1,9
17.0,2.009974935495038,1,9
17.75,1.5440175877029467,1,9
18.5,0.21358838588674353,1,9
19.25,-2.7938027839307966,1,9
20.0,1.678938536194882,1,9
20.75,2.924913338217556,1,9
21.5,-1.0745150217868655,1,9
22.25,0.9334462026529831,1,9
23.0,4.864394627628022,1,9
23.75,16.278750996730945,1,9
24.5,19.692203129618232,1,9
25.25,10.899130195338397,1,9
26.0,23.16507056973039,1,9
26.75,29.7857571790584,1,9
27.5,22.24583243146544,1,9
28.25,16.10259084505717,1,9
29.0,17.504410245009005,1,9
29.75,21.199924707851594,1,9
30.5,68.73735457121872,1,9
31.25,42.85480917349494,1,9
32.0,32.06530931326012,1,9
32.75,38.43284765607398,1,9
33.5,42.24020215358902,1,9
34.25,49.89659760020123,1,9
35.0,33.39831902410558,1,9
35.75,27.066046946942997,1,9
36.5,37.04178825489978,1,9
37.25,11.585981394785808,1,9
38.0,14.881790935802412,1,9
38.75,23.278513580662278,1,9
39.5,12.889055133554338,1,9
40.25,4.389383220123957,1,9
41.0,12.63873852769602,1,9
41.75,9.679132194138083,1,9
42.5,-0.7814982074589925,1,9
43.25,2.3966317969963344,1,9
44.0,4.254632495878702,1,9
44.75,4.314540509427942,1,9
45.5,5.587818223331788,1,9
46.25,22.64518342124535,1,9
47.0,38.728887359132045,1,9
47.75,10.457114436929213,1,9
0.5,3.506231971460705,1,10
1.25,12.249028975962878,1,10
2.0,12.809116489498763,1,10
2.75,37.6692806654494,1,10
3.5,38.28882065080928,1,10
4.25,34.6803043083556,1,10
5.0,42.17026278852984,1,10
5.75,69.59922933511662,1,10
6.5,56.817026182707814,1,10
7.25,62.583083261350964,1,10
8.0,58.31386341047584,1,10
8.75,35.22312626543304,1,10
9.5,45.63306426274158,1,10
10.25,63.414838034550094,1,10
11.0,44.257740795177774,1,10
11.75,35.74839122638947,1,10
12.5,51.23966722397146,1,10
13.25,31.687053127552854,1,10
14.0,22.124615366342617,1,10
14.75,13.885154120887982,1,10
15.5,9.630764236839347,1,10
16.25,9.3767993052227,1,10
17.0,6.275658165865967,1,10
17.75,6.537940013081563,1,10
18.5,1.7746747315398759,1,10
19.25,-1.2355005739004428,1,10
20.0,1.111138174716707,1,10
20.75,3.6485823389513676,1,10
21.5,1.4225284772623,1,10
22.25,8.89573224746396,1,10
23.0,25.747898264881997,1,10
23.75,29.17876143498649,1,10
24.5,16.036090616890707,1,10
25.25,23.982196589001926,1,10
26.0,26.528611025851944,1,10
26.75,48.41630157421949,1,10
27.5,34.2342071468626,1,10
28.25,32.056360066242156,1,10
29.0,29.2172099473531,1,10
29.75,36.55667847313434,1,10
30.5,54.376405379773004,1,10
31.25,33.867285240346355,1,10
32.0,69.64972008377151,1,10
32.75,40.035766406478295,1,10
33.5,57.38949232608739,1,10
34.25,31.107765577163192,1,10
35.0,15.720292128962786,1,10
35.75,33.52008627559586,1,10
36.5,20.281604758327102,1,10
37.25,19.881509218066203,1,10
38.0,25.43273837305399,1,10
38.75,17.571721027572934,1,10
39.5,13.098148128982906,1,10
40.25,2.907672780305368,1,10
41.0,0.4074499104464675,1,10
41.75,-0.5215665841928765,1,10
42.5,1.3053292694354746,1,10
43.25,-0.45896169837399287,1,10
44.0,0.26367623239918075,1,10
44.75,0.5273335323950026,1,10
45.5,-1.4266170349253222,1,10
46.25,2.9859208449095007,1,10
47.0,-1.3649126731644876,1,10
47.75,4.954609422706719,1,10
0.5,16.66677535024773,1,11
1.25,45.12054603818635,1,11
2.0,53.15663688259607,1,11
2.75,87.52915073219818,1,11
3.5,49.877358783674865,1,11
4.25,26.76543155079158,1,11
5.0,51.39961309519693,1,11
5.75,57.89729433521462,1,11
6.5,47.849572850275614,1,11
7.25,34.48119589679995,1,11
8.0,26.31582555138152,1,11
8.75,80.64998218597826,1,11
9.5,55.23480363464177,1,11
10.25,15.462310562328076,1,11
11.0,81.3504481633756,1,11
11.75,39.10362227872745,1,11
12.5,46.39734853461231,1,11
13.25,33.11539308127638,1,11
14.0,4.4749493127209385,1,11
14.75,19.18183659379414,1,11
15.5,40.391922954060455,1,11
16.25,9.416458910816191,1,11
17.0,1.8175797877816007,1,11
17.75,0.45765445253945014,1,11
18.5,1.493779035084184,1,11
19.25,11.501267836425825,1,11
20.0,15.059161874275475,1,11
20.75,9.588236991843536,1,11
21.5,-0.298720279310954,1,11
22.25,20.406546171245207,1,11
23.0,13.324639236217353,1,11
23.75,28.516242815509518,1,11
24.5,26.162255157405085,1,11
25.25,23.81865964966153,1,11
26.0,53.772232443168654,1,11
26.75,24.556118784522134,1,11
27.5,29.40577212743146,1,11
28.25,35.05765347037294,1,11
29.0,66.19876054033517,1,11
29.75,27.597148498635992,1,11
30.5,34.912094486491135,1,11
31.25,27.75925760552518,1,11
32.0,42.232945432827194,1,11
32.75,28.163802642701604,1,11
33.5,40.77506937643371,1,11
34.25,52.72809251126701,1,11
35.0,23.820466578361394,1,11
35.75,26.91100176220038,1,11
36.5,16.34598988697077,1,11
37.25,13.690898678445649,1,11
38.0,2.275411261666824,1,11
38.75,13.576737666005949,1,11
39.5,13.178946405120003,1,11
40.25,14.258499610740497,1,11
41.0,1.877035912231668,1,11
41.75,-0.7759636340624766,1,11
42.5,0.2818127585096968,1,11
43.25,0.14313018076320663,1,11
44.0,-1.9131715838347332,1,11
44.75,1.9811810093759157,1,11
45.5,19.38936657386931,1,11
46.25,10.771203667295222,1,11
47.0,7.644122748838347,1,11
47.75,1.5063555581643706,1,11
0.5,2.948442744729754,1,12
1.25,28.372834564875543,1,12
2.0,34.00127331583702,1,12
2.75,35.3118008307707,1,12
3.5,34.65657747454423,1,12
4.25,49.682032222548735,1,12
5.0,44.07645204727345,1,12
5.75,30.231664369104152,1,12
6.5,22.74309328820781,1,12
7.25,45.72305245325721,1,12
8.0,47.47732117042899,1,12
8.75,15.088189310685687,1,12
9.5,9.197299373462732,1,12
10.25,7.1383949292416045,1,12
11.0,14.803252394113615,1,12
11.75,17.031434797886597,1,12
12.5,13.344750062905963,1,12
13.25,11.813919631792734,1,12
14.0,12.543902628839042,1,12
14.75,13.540661080346423,1,12
15.5,4.122029180704164,1,12
16.25,0.4770877848558459,1,12
17.0,3.2422598820806745,1,12
17.75,1.746724403312542,1,12
18.5,1.0027605469059941,1,12
19.25,1.1641257515048307,1,12
20.0,4.126888796425676,1,12
20.75,-0.8512885357024603,1,12
21.5,0.9258433019070771,1,12
22.25,2.5587963696946288,1,12
23.0,6.094168950333836,1,12
23.75,9.328924569961563,1,12
24.5,24.559637443897845,1,12
25.25,36.19122768543786,1,12
26.0,19.485283810642656,1,12
26.75,6.226059941280507,1,12
27.5,22.382251813557527,1,12
28.25,27.75381614554744,1,12
29.0,22.274055126887564,1,12
29.75,12.488915323227378,1,12
30.5,4.371232864112739,1,12
31.25,27.308213585849295,1,12
32.0,44.35877102978867,1,12
32.75,30.14764313559168,1,12
33.5,14.67738316215632,1,12
34.25,17.206753472620274,1,12
35.0,8.753040658496378,1,12
35.75,12.526327676451261,1,12
36.5,4.478846912568427,1,12
37.25,8.044280680620757,1,12
38.0,6.584104207211191,1,12
38.75,4.5756622738213055,1,12
39.5,1.893160078556554,1,12
40.25,3.6923224851936585,1,12
41.0,2.4057347796333826,1,12
41.75,0.21788476779595856,1,12
42.5,-2.1081984705847736,1,12
43.25,0.18155460069396412,1,12
44.0,-0.25298234974975453,1,12
44.75,-2.3661136936713993,1,12
45.5,12.395111927538338,1,12
46.25,11.59346009904987,1,12
47.0,10.52638496116241,1,12
47.75,17.70423380919491,1,12
0.5,8.598801138222274,1,13
1.25,29.980387449433376,1,13
2.0,18.44302280230336,1,13
2.75,45.44372543022385,1,13
3.5,49.19324494294871,1,13
4.25,38.71216319643547,1,13
5.0,45.47214915776054,1,13
5.75,49.092667656309395,1,13
6.5,81.69723276887419,1,13
7.25,61.423726006080926,1,13
8.0,80.41309244410856,1,13
8.75,74.02078632034518,1,13
9.5,41.18600918425701,1,13
10.25,19.168764937136224,1,13
11.0,9.451751718117894,1,13
11.75,18.523242991331472,1,13
12.5,34.18135355530788,1,13
13.25,20.203458418521745,1,13
14.0,11.691574120863082,1,13
14.75,22.74697520140755,1,13
15.5,15.284768882071845,1,13
16.25,3.833277905502881,1,13
17.0,3.0344789859964414,1,13
17.75,3.458458081000004,1,13
18.5,1.8400195566249733,1,13
19.25,0.12951381686856614,1,13
20.0,2.50871107527455,1,13
20.75,10.076276188417008,1,13
21.5,6.594073254463847,1,13
22.25,11.26635499013957,1,13
23.0,27.451536530103176,1,13
23.75,41.61732038005189,1,13
24.5,38.018852424150005,1,13
25.25,11.383534890803496,1,13
26.0,13.829299300332286,1,13
26.75,20.05821978440613,1,13
27.5,8.096437183689178,1,13
28.25,29.177695348934506,1,13
29.0,37.30826571560334,1,13
29.75,72.50463202426091,1,13
30.5,75.1620209798493,1,13
31.25,54.67883272197901,1,13
32.0,58.21418005563189,1,13
32.75,43.57079308858304,1,13
33.5,44.517622743180155,1,13
34.25,68.07302538024463,1,13
35.0,46.695513053159004,1,13
35.75,37.23068742266726,1,13
36.5,13.308900047767256,1,13
37.25,10.914005404352972,1,13
38.0,20.18418730464835,1,13
38.75,10.32239748068453,1,13
39.5,12.378667434483798,1,13
40.25,5.605320831463164,1,13
41.0,1.9744934867034294,1,13
41.75,-0.3283105370359669,1,13
42.5,1.0108531696391305,1,13
43.25,3.4664522869262604,1,13
44.0,-3.888636968451753,1,13
44.75,1.9574124466730245,1,13
45.5,0.6132288944375487,1,13
46.25,1.6495762071887425,1,13
47.0,3.433192567841876,1,13
47.75,21.901727425129504,1,13
0.5,1.2306112118582389,1,14
1.25,0.4026301934239064,1,14
2.0,3.5876989436320406,1,14
2.75,25.95081724599274,1,14
3.5,8.115981577520362,1,14
4.25,1.2849763927277489,1,14
5.0,29.209855274631483,1,14
5.75,10.721885799538441,1,14
6.5,25.15557732697121,1,14
7.25,39.42309671251478,1,14
8.0,17.749191743505396,1,14
8.75,43.09883603794938,1,14
9.5,43.29111808060054,1,14
10.25,34.679192767294545,1,14
11.0,36.78783909991709,1,14
11.75,11.86509961237821,1,14
12.5,-1.481413897431568,1,14
13.25,-1.0570842145580988,1,14
14.0,-1.6844772792639733,1,14
14.75,-2.303143967106695,1,14
15.5,10.827921017645718,1,14
16.25,1.3377407294206132,1,14
17.0,-2.177028091531304,1,14
17.75,0.9461059714188889,1,14
18.5,-2.3948314802265322,1,14
19.25,-2.2599656352567346,1,14
20.0,-0.30567263640009357,1,14
20.75,3.051060450208167,1,14
21.5,2.4273759385026596,1,14
22.25,-1.679610816302863,1,14
23.0,16.889266573820162,1,14
23.75,21.241130679589673,1,14
24.5,27.068206467633374,1,14
25.25,20.72765795139653,1,14
26.0,29.5981514661687,1,14
26.75,17.26335037953602,1,14
27.5,21.422300369506026,1,14
28.25,12.682794186442617,1,14
29.0,18.542566619075654,1,14
29.75,26.608461060222346,1,14
30.5,29.113355123217914,1,14
31.25,10.784199630348333,1,14
32.0,36.07568222518049,1,14
32.75,22.405877918793028,1,14
33.5,13.469040876227032,1,14
34.25,9.31235004163515,1,14
35.0,6.95432632473497,1,14
35.75,17.54268340096893,1,14
36.5,18.439368120666305,1,14
37.25,13.677538933433615,1,14
38.0,9.525062593328466,1,14
38.75,0.9108791138587611,1,14
39.5,4.199609763313816,1,14
40.25,-1.3018311194305623,1,14
41.0,2.5883426988441154,1,14
41.75,0.3555222098248844,1,14
42.5,4.401463128567734,1,14
43.25,1.2220065452290403,1,14
44.0,3.1265027428094827,1,14
44.75,4.810412374393218,1,14
45.5,3.8386417835963536,1,14
46.25,14.938788035467983,1,14
47.0,1.5541324771299263,1,14
47.75,3.707561044482648,1,14
0.5,-2.16661423453239,1,15
1.25,-3.620976239694156,1,15
2.0,3.7401404451474365,1,15
2.75,47.40317656856565,1,15
3.5,38.682124810054646,1,15
4.25,20.187481536860375,1,15
5.0,12.120277039636047,1,15
5.75,8.187236717915916,1,15
6.5,20.48846830149759,1,15
7.25,25.052029241823604,1,15
8.0,9.270856823044975,1,15
8.75,11.6846405683551,1,15
9.5,27.869768225940497,1,15
10.25,13.148515493191134,1,15
11.0,1.2765133766758907,1,15
11.75,2.09823188566076,1,15
12.5,-0.5908020412618109,1,15
13.25,9.243404633359072,1,15
14.0,15.671297437309756,1,15
14.75,3.565611050923075,1,15
15.5,1.6584457112383668,1,15
16.25,3.707667624846465,1,15
17.0,-1.1244739524822251,1,15
17.75,1.3915702586716163,1,15
18.5,-4.720387551235119,1,15
19.25,0.2513192841231448,1,15
20.0,-2.273120298765118,1,15
20.75,-1.053014839803159,1,15
21.5,-1.703126904465169,1,15
22.25,1.3074932441029354,1,15
23.0,10.178155556879217,1,15
23.75,2.5167609034799954,1,15
24.5,18.53654886478447,1,15
25.25,13.182108019810439,1,15
26.0,2.2851576713319135,1,15
26.75,2.9734355644692045,1,15
27.5,8.632388710531044,1,15
28.25,-0.41644439688423573,1,15
29.0,2.2620903184990127,1,15
29.75,8.980795492373929,1,15
30.5,17.72236870404056,1,15
31.25,19.355154779891283,1,15
32.0,1.9601619117843607,1,15
32.75,0.9203803135430775,1,15
33.5,12.434611420700573,1,15
34.25,10.701928491377934,1,15
35.0,5.038255572936131,1,15
35.75,0.7897023141349844,1,15
36.5,28.89425283875353,1,15
37.25,52.07129011681462,1,15
38.0,14.041059379307335,1,15
38.75,0.9562332240376812,1,15
39.5,5.846572403375713,1,15
40.25,2.663252958076156,1,15
41.0,-2.456559170078853,1,15
41.75,2.6193736365113867,1,15
42.5,1.646169728546742,1,15
43.25,1.5226798653156126,1,15
44.0,-1.337081862334783,1,15
44.75,-3.9282947204356446,1,15
45.5,1.1384982167098574,1,15
46.25,11.002080550012533,1,15
47.0,9.162219970540598,1,15
47.75,9.472334642046539,1,15
0.5,8.155835089210209,1,16
1.25,1.8242787064056123,1,16
2.0,11.922737273551228,1,16
2.75,35.540759596111165,1,16
3.5,17.22775930476925,1,16
4.25,5.603197104261646,1,16
5.0,26.760126828797375,1,16
5.75,32.24689593172484,1,16
6.5,67.84571560257022,1,16
7.25,36.49743518976742,1,16
8.0,41.14586581404262,1,16
8.75,36.931566609579775,1,16
9.5,37.200387693664084,1,16
10.25,19.99929364176508,1,16
11.0,19.79586437960486,1,16
11.75,27.704650433417886,1,16
12.5,28.82706857535567,1,16
13.25,14.401664202259324,1,16
14.0,5.2012109034244505,1,16
14.75,1.6280089954883143,1,16
15.5,4.3707099922093535,1,16
16.25,-0.8795295520753676,1,16
17.0,0.6326917143545914,1,16
17.75,2.430122299231116,1,16
18.5,1.1547402005003125,1,16
19.25,-0.9616504913885794,1,16
20.0,-1.3589366053226037,1,16
20.75,2.3463369275668504,1,16
21.5,1.3178247244051942,1,16
22.25,2.6227645925674072,1,16
23.0,18.598347796199658,1,16
23.75,13.727682438556554,1,16
24.5,16.808071555528283,1,16
25.25,26.531821025943675,1,16
26.0,31.51317595185176,1,16
26.75,29.580982206847015,1,16
27.5,26.719699890615207,1,16
28.25,24.562335715261497,1,16
29.0,30.865854733961463,1,16
29.75,37.99807940180914,1,16
30.5,54.25797746150199,1,16
31.25,68.9495067693417,1,16
32.0,54.37924527954078,1,16
32.75,30.11293297377003,1,16
33.5,24.508370463611968,1,16
34.25,24.469121830651183,1,16
35.0,18.943399382967883,1,16
35.75,14.1920390147362,1,16
36.5,9.630314224346964,1,16
37.25,5.083730457617605,1,16
38.0,4.772938327511703,1,16
38.75,10.785667712537817,1,16
39.5,9.244327164730922,1,16
40.25,6.7290806905191225,1,16
41.0,7.516866926520167,1,16
41.75,3.1188607747142814,1,16
42.5,2.0189306920821286,1,16
43.25,3.070738994746491,1,16
44.0,0.0035358446535291885,1,16
44.75,-0.17197116345261895,1,16
45.5,-0.2420387228269581,1,16
46.25,22.983126575002533,1,16
47.0,10.143288668114394,1,16
47.75,5.768013138105331,1,16
0.5,-2.0036916974837355,1,17
1.25,15.00951651799786,1,17
2.0,28.167358094951403,1,17
2.75,12.409372391055092,1,17
3.5,2.1693191518011283,1,17
4.25,19.705040124272504,1,17
5.0,36.700587898919906,1,17
5.75,21.056510285480314,1,17
6.5,39.68291121430962,1,17
7.25,37.11076156557028,1,17
8.0,43.694090584334006,1,17
8.75,47.44652265380719,1,17
9.5,65.2671732589846,1,17
10.25,56.438066337026775,1,17
11.0,27.32636924863864,1,17
11.75,44.421144910467305,1,17
12.5,26.031037222734007,1,17
13.25,19.6598571483528,1,17
14.0,7.469010854497725,1,17
14.75,18.30788399217885,1,17
15.5,5.424721526744566,1,17
16.25,0.03422485372954398,1,17
17.0,2.2966952535747414,1,17
17.75,-0.30904270173312887,1,17
18.5,-0.03599864802490076,1,17
19.25,-1.5121222800712162,1,17
20.0,0.48587139589629247,1,17
20.75,2.340556945641666,1,17
21.5,-2.449462384883093,1,17
22.25,0.6778408249030136,1,17
23.0,-2.8516622895061876,1,17
23.75,3.677400823252005,1,17
24.5,-0.5936182237338156,1,17
25.25,22.031065786665174,1,17
26.0,27.224599253444627,1,17
26.75,18.51889228413401,1,17
27.5,52.883628914384055,1,17
28.25,85.16462984328753,1,17
29.0,43.42973485106658,1,17
29.75,33.123600239271106,1,17
30.5,30.689949458026675,1,17
31.25,68.25069909859312,1,17
32.0,57.940299576940475,1,17
32.75,27.72954444895544,1,17
33.5,42.59791417027426,1,17
34.25,48.2244108569491,1,17
35.0,22.65399190319729,1,17
35.75,24.239381127132127,1,17
36.5,5.117235897288746,1,17
37.25,8.978442801931662,1,17
38.0,15.247251735654599,1,17
38.75,8.59058014237819,1,17
39.5,12.26842503756878,1,17
40.25,5.387254847763961,1,17
41.0,1.1867192774119086,1,17
41.75,1.3111393745157027,1,17
42.5,-0.5560448790924576,1,17
43.25,0.2690044861919752,1,17
44.0,2.201580776204024,1,17
44.75,-0.2869872048401071,1,17
45.5,-2.0258812572297042,1,17
46.25,1.849536736878751,1,17
47.0,-2.4349780872093763,1,17
47.75,4.8806320883973875,1,17
0.5,1.9252913466234776,1,18
1.25,30.797658076287107,1,18
2.0,33.36744494294295,1,18
2.75,21.886800579642674,1,18
3.5,26.786181988224428,1,18
4.25,21.499125870256993,1,18
5.0,15.058782430982047,1,18
5.75,40.281500439622654,1,18
6.5,43.865251298430515,1,18
7.25,50.44357024152964,1,18
8.0,56.889028485829776,1,18
8.75,88.4100757604448,1,18
9.5,38.019256980131075,1,18
10.25,16.012283429637524,1,18
11.0,8.671465787116613,1,18
11.75,28.412670003075196,1,18
12.5,16.68133090024527,1,18
13.25,12.520854049540162,1,18
14.0,-1.3113755326965408,1,18
14.75,3.4690272581229213,1,18
15.5,0.9518183937470747,1,18
16.25,5.353166790764501,1,18
17.0,2.0487764423632697,1,18
17.75,-0.017312196624145786,1,18
18.5,0.2882001639053011,1,18
19.25,0.2215425087399558,1,18
20.0,-1.546271956516392,1,18
20.75,-0.29702222546304,1,18
21.5,2.8016145521376496,1,18
22.25,8.663424650991702,1,18
23.0,5.490335631618004,1,18
23.75,2.574882642311038,1,18
24.5,13.504443621572655,1,18
25.25,32.429332996826396,1,18
26.0,45.5299342316206,1,18
26.75,43.163875169804506,1,18
27.5,35.339223489794094,1,18
28.25,43.55864936964793,1,18
29.0,35.59896415588825,1,18
29.75,33.6517462711605,1,18
30.5,22.523338333430594,1,18
31.25,33.76357250548404,1,18
32.0,24.329633654724326,1,18
32.75,26.750370981652008,1,18
33.5,49.83581718013839,1,18
34.25,40.498028024855856,1,18
35.0,91.12131984204049,1,18
35.75,43.09663810194312,1,18
36.5,20.760200634891856,1,18
37.25,3.4052048200440943,1,18
38.0,6.7768030748178925,1,18
38.75,10.394789439118682,1,18
39.5,4.9155406295618285,1,18
40.25,-1.019550356819273,1,18
41.0,0.298155773800349,1,18
41.75,0.5196150461382045,1,18
42.5,0.15422586439050734,1,18
43.25,-0.7083633069108151,1,18
44.0,-2.2949798541623863,1,18
44.75,0.8736622110822351,1,18
45.5,19.83068818203522,1,18
46.25,14.233514404634748,1,18
47.0,-0.8082432315252399,1,18
47.75,0.6360999811007724,1,18
0.5,1.8033172020520336,1,19
1.25,51.18639748434607,1,19
2.0,67.43526037535916,1,19
2.75,85.49554169626103,1,19
3.5,51.650354918791265,1,19
4.25,103.1107968547042,1,19
5.0,100.83068976983219,1,19
5.75,91.49886379029465,1,19
6.5,56.72148574150435,1,19
7.25,102.76780420364761,1,19
8.0,125.64126528310831,1,19
8.75,124.72733777495534,1,19
9.5,98.77342042012086,1,19
10.25,48.157742920429165,1,19
11.0,47.61739543495357,1,19
11.75,25.38486388450707,1,19
12.5,29.010872426535563,1,19
13.25,23.960365401529923,1,19
14.0,10.527395121436756,1,19
14.75,18.776567476802814,1,19
15.5,31.792050840002858,1,19
16.25,17.76493163093536,1,19
17.0,8.029449433263602,1,19
17.75,-1.136271807126921,1,19
18.5,-3.2656174394300046,1,19
19.25,2.5185856139034155,1,19
20.0,-4.875190855529598,1,19
20.75,3.08672355482185,1,19
21.5,13.788174734913316,1,19
22.25,4.966366498362715,1,19
23.0,5.335161160495134,1,19
23.75,28.881184585139064,1,19
24.5,51.96284278948734,1,19
25.25,40.56659229644917,1,19
26.0,32.514491865854595,1,19
26.75,71.09951265962327,1,19
27.5,116.82095863213449,1,19
28.25,110.4510668466749,1,19
29.0,111.57674197124084,1,19
29.75,152.01770077351787,1,19
30.5,143.11325160340206,1,19
31.25,129.86134470892478,1,19
32.0,114.61419403955755,1,19
32.75,92.45287208856722,1,19
33.5,66.76611356285302,1,19
34.25,86.41438469054766,1,19
35.0,60.16067436993246,1,19
35.75,54.508062770846536,1,19
36.5,23.70566679345192,1,19
37.25,14.6703003688202,1,19
38.0,8.786270842972838,1,19
38.75,0.4632033133600788,1,19
39.5,-0.7147290622367499,1,19
40.25,9.714080691384053,1,19
41.0,0.8521828059843974,1,19
41.75,2.8992164004003973,1,19
42.5,1.9106135957292962,1,19
43.25,-0.10674472012028198,1,19
44.0,-2.9023741360507307,1,19
44.75,-2.9152412591898713,1,19
45.5,2.150343625866125,1,19
46.25,11.00821374476661,1,19
47.0,6.608333745780785,1,19
47.75,19.29032362969522,1,19
0.5,1.3225823220451804,1,20
1.25,14.897797358217439,1,20
2.0,16.322993985919304,1,20
2.75,17.37621036007446,1,20
3.5,19.715744051775317,1,20
4.25,20.786115048056903,1,20
5.0,5.88005125337244,1,20
5.75,18.944816854475004,1,20
6.5,14.573193087118272,1,20
7.25,6.328389814381866,1,20
8.0,15.665139054645733,1,20
8.75,33.24040886922018,1,20
9.5,26.83992531146975,1,20
10.25,32.629754971588326,1,20
11.0,23.114385592198442,1,20
11.75,38.30285659256142,1,20
12.5,16.49837764820847,1,20
13.25,12.874516209613587,1,20
14.0,3.6017811476250343,1,20
14.75,11.014421601550092,1,20
15.5,1.8075807949921827,1,20
16.25,-3.565806570742766,1,20
17.0,3.3312581749899444,1,20
17.75,0.7878880680913897,1,20
18.5,0.4676682249886888,1,20
19.25,-0.7106549302048866,1,20
20.0,0.4267033831487167,1,20
20.75,6.143318378325509,1,20
21.5,2.8034616821091376,1,20
22.25,1.6909057905298985,1,20
23.0,2.7746027441792314,1,20
23.75,7.276150706732286,1,20
24.5,2.5635479599895414,1,20
25.25,4.527044523746343,1,20
26.0,13.658658517126375,1,20
26.75,13.952103568915511,1,20
27.5,10.239997223608336,1,20
28.25,19.790870894493825,1,20
29.0,21.636162812768934,1,20
29.75,14.990617414751641,1,20
30.5,11.656525330004348,1,20
31.25,11.352870853059967,1,20
32.0,17.871679099633617,1,20
32.75,14.33251087823734,1,20
33.5,25.364360208330616,1,20
34.25,21.291463951827133,1,20
35.0,24.462416048978753,1,20
35.75,11.377922808576551,1,20
36.5,9.782528595038556,1,20
37.25,7.359400100279769,1,20
38.0,6.844011485747357,1,20
38.75,0.14290077075219054,1,20
39.5,0.9143974727992907,1,20
40.25,-1.8916284385151485,1,20
41.0,0.7243475591720451,1,20
41.75,1.9440019496531533,1,20
42.5,0.7214375199490419,1,20
43.25,2.0521886065604824,1,20
44.0,0.591450682395673,1,20
44.75,3.3583938270455986,1,20
45.5,2.246363700656724,1,20
46.25,-1.5270582550554637,1,20
47.0,5.263231357732362,1,20
47.75,-0.3532772095112118,1,20
0.5,11.09769420519786,1,21
1.25,6.349771904614892,1,21
2.0,3.794599390681044,1,21
2.75,24.37043637856025,1,21
3.5,13.491831896484237,1,21
4.25,15.07030696150718,1,21
5.0,28.968266266746923,1,21
5.75,23.179849372794347,1,21
6.5,14.983047672949825,1,21
7.25,16.64549281590333,1,21
8.0,29.45359680334158,1,21
8.75,7.5704174258833525,1,21
9.5,1.197225818416649,1,21
10.25,11.035590371333862,1,21
11.0,12.28595196011329,1,21
11.75,9.638194913968263,1,21
12.5,10.136067935396483,1,21
13.25,8.647699947512681,1,21
14.0,12.424323892833792,1,21
14.75,3.6779236458305733,1,21
15.5,3.7433414865322607,1,21
16.25,0.23968745715786824,1,21
17.0,-1.3522706768498407,1,21
17.75,-1.3259664582113173,1,21
18.5,1.087260337624455,1,21
19.25,-2.974581586838163,1,21
20.0,-0.23649988681520573,1,21
20.75,3.6194180428659033,1,21
21.5,-1.3996844437317428,1,21
22.25,-1.4102471046831702,1,21
23.0,1.0219890049278482,1,21
23.75,2.4041358113954745,1,21
24.5,24.0361736305243,1,21
25.25,14.774422488725198,1,21
26.0,5.494408634485371,1,21
26.75,8.41791294432008,1,21
27.5,2.3958892216794703,1,21
28.25,11.772773207923164,1,21
29.0,15.114332560145064,1,21
29.75,11.93682772380246,1,21
30.5,23.36021689319786,1,21
31.25,24.679258202768246,1,21
32.0,8.944730722926913,1,21
32.75,16.429973154198837,1,21
33.5,6.286087961066538,1,21
34.25,19.142024516876912,1,21
35.0,18.506590609046704,1,21
35.75,9.103686858494529,1,21
36.5,7.176993180082346,1,21
37.25,3.734952554815734,1,21
38.0,3.103147605851432,1,21
38.75,-4.052524395503768,1,21
39.5,2.58780100999372,1,21
40.25,-0.9093686699917434,1,21
41.0,2.334136194452412,1,21
41.75,-2.4612212121265955,1,21
42.5,-0.8699455223163869,1,21
43.25,1.7912976598087973,1,21
44.0,-3.2358450274597366,1,21
44.75,-1.823483871482607,1,21
45.5,-0.1118211213453399,1,21
46.25,1.3854585391814045,1,21
47.0,0.31636902405299544,1,21
47.75,-2.0847300254272776,1,21
0.5,10.120727275375923,1,22
1.25,11.782986013575362,1,22
2.0,14.372394232226421,1,22
2.75,10.339026838598096,1,22
3.5,26.344463165588493,1,22
4.25,15.484340631441857,1,22
5.0,20.589978481386577,1,22
5.75,12.580498629414047,1,22
6.5,18.798048677778734,1,22
7.25,38.34063847339215,1,22
8.0,24.546387020748064,1,22
8.75,37.57121320543363,1,22
9.5,43.86095708370702,1,22
10.25,42.396847083187524,1,22
11.0,31.351200465506164,1,22
11.75,22.307247548814097,1,22
12.5,10.28780990204119,1,22
13.25,9.751550496034742,1,22
14.0,4.559727459146829,1,22
14.75,12.57187946044856,1,22
15.5,1.9965450843289054,1,22
16.25,3.8322980595316776,1,22
17.0,-0.7287941859187347,1,22
17.75,-0.8599955161689402,1,22
18.5,0.5393657707273043,1,22
19.25,-0.8671531517953108,1,22
20.0,-0.6631499166822563,1,22
20.75,4.426164587634968,1,22
21.5,18.785853518338385,1,22
22.25,19.578252353087866,1,22
23.0,17.090723297303203,1,22
23.75,11.330465726104372,1,22
24.5,4.723270087902014,1,22
25.25,2.7716277277526222,1,22
26.0,9.924066581716827,1,22
26.75,10.366833669703928,1,22
27.5,14.971960673351761,1,22
28.25,7.133584566471338,1,22
29.0,8.984846690181193,1,22
29.75,1.5984959569673607,1,22
30.5,11.960183995458122,1,22
31.25,16.074022985347085,1,22
32.0,22.46351015532705,1,22
32.75,16.828219613495236,1,22
33.5,17.62290658684593,1,22
34.25,16.952453480683555,1,22
35.0,24.482676037605906,1,22
35.75,13.854843068546405,1,22
36.5,24.25017772162197,1,22
37.25,32.27577639770254,1,22
38.0,11.913560457102626,1,22
38.75,3.166051996793663,1,22
39.5,2.339435945502846,1,22
40.25,-0.38272195356899563,1,22
41.0,-2.565370167584708,1,22
41.75,-1.241369137591146,1,22
42.5,0.6555373777681115,1,22
43.25,1.3392212813277624,1,22
44.0,-1.828444892532266,1,22
44.75,-0.6752809763936549,1,22
45.5,-1.145330985166558,1,22
46.25,0.26655960549582236,1,22
47.0,4.278364801500673,1,22
47.75,14.248048078593701,1,22
0.5,4.3560480298513875,1,23
1.25,17.852873837221544,1,23
2.0,15.44973842765841,1,23
2.75,44.31685267276673,1,23
3.5,42.52224542926385,1,23
4.25,25.645261894477862,1,23
5.0,28.801425860537968,1,23
5.75,19.891449748856196,1,23
6.5,16.800465456366336,1,23
7.25,28.903544306656652,1,23
8.0,13.934969746291504,1,23
8.75,31.000360968729822,1,23
9.5,27.519374141078597,1,23
10.25,21.72660961096272,1,23
11.0,7.0048170011791715,1,23
11.75,13.082671424111599,1,23
12.5,29.306870903626965,1,23
13.25,13.667064192016625,1,23
14.0,4.1727713414627745,1,23
14.75,8.959466235975858,1,23
15.5,14.663391854465205,1,23
16.25,6.851380789896327,1,23
17.0,-0.19794865287442076,1,23
17.75,0.30266594992849316,1,23
18.5,-1.0914474655951332,1,23
19.25,1.5455895094639136,1,23
20.0,0.0904866700001105,1,23
20.75,-1.3431722026776598,1,23
21.5,8.242899955993298,1,23
22.25,7.97048039629257,1,23
23.0,5.814331803891927,1,23
23.75,2.1993369046856905,1,23
24.5,10.431522447170646,1,23
25.25,0.44184676560898417,1,23
26.0,8.79667337797067,1,23
26.75,8.983061492618708,1,23
27.5,16.695820740189284,1,23
28.25,34.5276073115691,1,23
29.0,40.45432436171702,1,23
29.75,39.06032177670217,1,23
30.5,43.852169523988366,1,23
31.25,50.814412949229386,1,23
32.0,44.10763110757211,1,23
32.75,38.834276133819465,1,23
33.5,21.271826082894492,1,23
34.25,34.29552752425517,1,23
35.0,27.47970024497754,1,23
35.75,11.751196565496612,1,23
36.5,21.143049178181293,1,23
37.25,26.02579839774361,1,23
38.0,15.93938289826445,1,23
38.75,7.324214340740533,1,23
39.5,3.5384063312294414,1,23
40.25,6.036835624963871,1,23
41.0,4.0528482157609345,1,23
41.75,1.722881366506583,1,23
42.5,0.8813347581027683,1,23
43.25,-1.3000230334365948,1,23
44.0,-1.2198590525236432,1,23
44.75,1.0510570672926307,1,23
45.5,-2.740707966418884,1,23
46.25,0.5931066106078038,1,23
47.0,3.4449019960806253,1,23
47.75,8.086457892418107,1,23
0.5,4.891169901717255,1,24
1.25,10.266021379306792,1,24
2.0,4.000522517247456,1,24
2.75,17.055570357984525,1,24
3.5,31.218467371298793,1,24
4.25,22.079615015631365,1,24
5.0,11.33537752311869,1,24
5.75,20.88124163916502,1,24
6.5,10.582149719254142,1,24
7.25,8.828151109878924,1,24
8.0,30.29178713930109,1,24
8.75,13.479488229220154,1,24
9.5,16.00976035003002,1,24
10.25,33.80124267990636,1,24
11.0,51.36381888915876,1,24
11.75,20.766200482676915,1,24
12.5,10.956110736944652,1,24
13.25,15.45451483759577,1,24
14.0,14.334258904768658,1,24
14.75,6.104594816862736,1,24
15.5,1.8527631870958663,1,24
16.25,-0.6351353168428058,1,24
17.0,2.2359895106421863,1,24
17.75,1.8681985330948048,1,24
18.5,1.7024871287180505,1,24
19.25,1.69930556538843,1,24
20.0,0.7570727407100944,1,24
20.75,-3.2089200192876937,1,24
21.5,-0.005480144380564013,1,24
22.25,1.17815990330171,1,24
23.0,10.661067384092155,1,24
23.75,23.202226541687015,1,24
24.5,9.757075408129767,1,24
25.25,13.444487910488574,1,24
26.0,11.767786137200034,1,24
26.75,6.8454511464370205,1,24
27.5,10.16195090281093,1,24
28.25,19.32856441805496,1,24
29.0,26.46478487811701,1,24
29.75,37.953329504551085,1,24
30.5,26.272144918648724,1,24
31.25,27.2004223849289,1,24
32.0,21.800935442861846,1,24
32.75,22.046614606680432,1,24
33.5,8.31714616574879,1,24
34.25,7.360021348609311,1,24
35.0,5.9797086142307,1,24
35.75,6.2946917834253915,1,24
36.5,15.947280257222069,1,24
37.25,23.89395863072183,1,24
38.0,26.332893053916223,1,24
38.75,5.089320920387258,1,24
39.5,-0.4134157486128178,1,24
40.25,0.3679030121898531,1,24
41.0,-0.7983309440599493,1,24
41.75,2.2220332719419504,1,24
42.5,-1.4857110130760671,1,24
43.25,1.657911256838924,1,24
44.0,-0.5869330941668126,1,24
44.75,-4.373904892888945,1,24
45.5,12.93693796771895,1,24
46.25,6.177418333809069,1,24
47.0,5.347933010196409,1,24
47.75,7.03592015652413,1,24
0.5,6.428293172013104,1,25
1.25,22.382541515819753,1,25
2.0,1.4969257196191295,1,25
2.75,31.020494849367346,1,25
3.5,17.091481990948058,1,25
4.25,33.33589581483023,1,25
5.0,36.312143307572434,1,25
5.75,41.71400014819758,1,25
6.5,29.25987606582372,1,25
7.25,33.0695310801592,1,25
8.0,26.990373305384537,1,25
8.75,17.310341653394836,1,25
9.5,29.63341628965872,1,25
10.25,41.58007230545705,1,25
11.0,24.692484234700366,1,25
11.75,21.880014688218246,1,25
12.5,6.177882185374435,1,25
13.25,0.720903269097745,1,25
14.0,5.220596961108038,1,25
14.75,4.723503060930428,1,25
15.5,2.3748582759594004,1,25
16.25,1.3443177532529231,1,25
17.0,-0.43235583381810005,1,25
17.75,-1.4838690518960373,1,25
18.5,-0.17883646257847668,1,25
19.25,-1.7137144285470565,1,25
20.0,-0.6347420745293509,1,25
20.75,7.651244710185799,1,25
21.5,7.0181452812942045,1,25
22.25,3.086263500730608,1,25
23.0,3.035365322271024,1,25
23.75,11.186922154564368,1,25
24.5,0.898296874006391,1,25
25.25,8.610398096188094,1,25
26.0,34.6767090652215,1,25
26.75,61.223348292093775,1,25
27.5,36.480636309408425,1,25
28.25,31.378766908742012,1,25
29.0,32.71806156246907,1,25
29.75,13.269557819550554,1,25
30.5,35.543105031772534,1,25
31.25,52.99323077856627,1,25
32.0,44.01262317003136,1,25
32.75,22.816795934185766,1,25
33.5,9.30404691606672,1,25
34.25,15.769973495279011,1,25
35.0,22.07911240471867,1,25
35.75,12.028200679470245,1,25
36.5,12.039464600845122,1,25
37.25,0.3238482833829812,1,25
38.0,1.0766130694150038,1,25
38.75,0.32077397886274256,1,25
39.5,2.487387859620856,1,25
40.25,13.89020625273294,1,25
41.0,5.446193284458084,1,25
41.75,3.2274159098867443,1,25
42.5,3.2285734053701307,1,25
43.25,-3.545245043917091,1,25
44.0,3.3445145510549,1,25
44.75,11.761446242894214,1,25
45.5,12.670494707782819,1,25
46.25,9.571862785512161,1,25
47.0,18.09828332080112,1,25
47.75,10.089364203232707,1,25
0.5,12.002235651570711,1,26
1.25,17.198037606033424,1,26
2.0,22.488881617663377,1,26
2.75,21.41427461562844,1,26
3.5,1.281063985212664,1,26
4.25,2.5465162044746936,1,26
5.0,15.289648961482786,1,26
5.75,28.217986585456405,1,26
6.5,15.922284835819367,1,26
7.25,44.58744617534319,1,26
8.0,21.353623252843157,1,26
8.75,31.13058833499423,1,26
9.5,16.662012571409022,1,26
10.25,18.330271623750757,1,26
11.0,27.487213184014998,1,26
11.75,13.740502223568793,1,26
12.5,9.569514081280897,1,26
13.25,18.602453623777485,1,26
14.0,31.191720609319137,1,26
14.75,12.654352292314442,1,26
15.5,4.699630551753227,1,26
16.25,2.200414068928356,1,26
17.0,1.4977270202468267,1,26
17.75,-0.5710718880147175,1,26
18.5,1.5348269986329799,1,26
19.25,0.013506291572483873,1,26
20.0,-1.1758533075983058,1,26
20.75,0.39061713106134066,1,26
21.5,1.9612237945400754,1,26
22.25,1.6669903396402743,1,26
23.0,10.488805275551059,1,26
23.75,7.063459402471461,1,26
24.5,8.162495325841672,1,26
25.25,10.03956168744934,1,26
26.0,24.53844914687532,1,26
26.75,11.431278161341877,1,26
27.5,45.821825571600996,1,26
28.25,27.474687963015946,1,26
29.0,38.477503612193715,1,26
29.75,36.200661009564385,1,26
30.5,67.611147611276,1,26
31.25,38.846657065138935,1,26
32.0,16.24912253674486,1,26
32.75,8.269427757107252,1,26
33.5,18.920527829388067,1,26
34.25,39.07034556529243,1,26
35.0,40.476901098675874,1,26
35.75,40.838784952681415,1,26
36.5,26.18951046160528,1,26
37.25,17.84091930456892,1,26
38.0,9.031396852098768,1,26
38.75,12.27681833841154,1,26
39.5,16.95559299493668,1,26
40.25,5.242600705900136,1,26
41.0,3.367694722709148,1,26
41.75,2.332959805363053,1,26
42.5,-0.9499847406896792,1,26
43.25,-0.18208356693461197,1,26
44.0,2.283366885542158,1,26
44.75,-1.339444929554848,1,26
45.5,-0.4374808869826222,1,26
46.25,-1.056054494271834,1,26
47.0,1.8157769875276717,1,26
47.75,5.23641224815472,1,26
0.5,0.5443137085376164,1,27
1.25,28.388634514955623,1,27
2.0,34.64177416713883,1,27
2.75,27.64175628036764,1,27
3.5,46.11954433533359,1,27
4.25,19.950949480992165,1,27
5.0,63.360274059047725,1,27
5.75,60.2685340814715,1,27
6.5,45.40453725029749,1,27
7.25,31.2866460402051,1,27
8.0,22.32545765384463,1,27
8.75,36.20314944494059,1,27
9.5,23.06382884510399,1,27
10.25,26.976000785272976,1,27
11.0,27.61458382020609,1,27
11.75,32.720425913426375,1,27
12.5,26.905452145897815,1,27
13.25,6.119684971587965,1,27
14.0,16.49137395343778,1,27
14.75,16.522311719058038,1,27
15.5,8.7999215309868,1,27
16.25,-3.338865167822843,1,27
17.0,1.0111689799820434,1,27
17.75,3.500825408852143,1,27
18.5,0.9151762651103391,1,27
19.25,1.8913186537688913,1,27
20.0,1.9938746951479238,1,27
20.75,-1.1152000974848462,1,27
21.5,-0.37014858228181524,1,27
22.25,2.514685529819974,1,27
23.0,8.230521817939373,1,27
23.75,5.947241368097179,1,27
24.5,3.788379155070585,1,27
25.25,15.887877905854578,1,27
26.0,20.98601797555137,1,27
26.75,28.32207679896129,1,27
27.5,19.78389721812135,1,27
28.25,26.179608626105388,1,27
29.0,45.170144988431055,1,27
29.75,27.184962535691206,1,27
30.5,22.749097175728696,1,27
31.25,22.446240365348785,1,27
32.0,31.588978645100628,1,27
32.75,27.567617276614047,1,27
33.5,29.513759984536737,1,27
34.25,51.732220156075456,1,27
35.0,37.07599889882203,1,27
35.75,20.90209041901181,1,27
36.5,27.015751542334392,1,27
37.25,33.495806826096036,1,27
38.0,25.61060359816562,1,27
38.75,8.473970997289697,1,27
39.5,4.310413542297079,1,27
40.25,4.008808586308874,1,27
41.0,1.177038108459657,1,27
41.75,0.5843669590138899,1,27
42.5,-2.275272337426797,1,27
43.25,-1.7996821802210212,1,27
44.0,2.0062681475066206,1,27
44.75,-3.479740562414494,1,27
45.5,5.626354021893453,1,27
46.25,4.806534243886036,1,27
47.0,7.170625458107611,1,27
47.75,7.727059821728243,1,27
0.5,-2.120503866428872,1,28
1.25,4.950395285582457,1,28
2.0,7.122352652574384,1,28
2.75,5.108587723793897,1,28
3.5,-0.7621802382808864,1,28
4.25,11.910363951516564,1,28
5.0,9.655681053233453,1,28
5.75,18.451488666851375,1,28
6.5,18.057031703761513,1,28
7.25,16.249681969730577,1,28
8.0,24.783372802417794,1,28
8.75,17.205987068697468,1,28
9.5,3.129041567837602,1,28
10.25,9.707769481118138,1,28
11.0,2.6253196036309125,1,28
11.75,2.8460012608773315,1,28
12.5,0.8078042327548766,1,28
13.25,-4.178630007135725,1,28
14.0,3.016860332332007,1,28
14.75,1.1092346605631322,1,28
15.5,-2.277760119967531,1,28
16.25,0.11940113113288377,1,28
17.0,-1.209684192227836,1,28
17.75,-2.108761931686394,1,28
18.5,0.47342013762568086,1,28
19.25,0.3071868885622225,1,28
20.0,0.4900742745982101,1,28
20.75,-1.480970678524603,1,28
21.5,1.2970102552052847,1,28
22.25,5.5538163509342855,1,28
23.0,9.274020840936755,1,28
23.75,3.621576537802408,1,28
24.5,6.822062371544284,1,28
25.25,15.212976752766867,1,28
26.0,16.572705033692102,1,28
26.75,4.53720973458136,1,28
27.5,6.236391458779273,1,28
28.25,-2.2949587263908713,1,28
29.0,0.11073905340539926,1,28
29.75,11.882649912376726,1,28
30.5,9.787009439730895,1,28
31.25,2.05572868129389,1,28
32.0,11.076982789338569,1,28
32.75,15.848302637142146,1,28
33.5,3.8016754333992306,1,28
34.25,-0.21167329957821188,1,28
35.0,8.707319260961002,1,28
35.75,11.231922133363936,1,28
36.5,3.943995914108513,1,28
37.25,1.288263974376105,1,28
38.0,12.794676891427898,1,28
38.75,7.300111407736856,1,28
39.5,-1.3911399865427203,1,28
40.25,0.9121416827734841,1,28
41.0,3.578788218245377,1,28
41.75,4.734491918598242,1,28
42.5,-2.6020050987461927,1,28
43.25,5.5506110878247075,1,28
44.0,-4.231765791103109,1,28
44.75,0.0716721516216502,1,28
45.5,-2.0546411652784653,1,28
46.25,-0.6086171846765414,1,28
47.0,4.096628897035899,1,28
47.75,4.488991115573972,1,28
0.5,8.234779592470675,1,29
1.25,36.814042061659435,1,29
2.0,72.83267682136024,1,29
2.75,51.503392601922236,1,29
3.5,93.64034294463396,1,29
4.25,123.17213681407644,1,29
5.0,77.4849378299847,1,29
5.75,65.87319878252579,1,29
6.5,74.52761835931307,1,29
7.25,65.24191687835439,1,29
8.0,91.44202207317393,1,29
8.75,129.76628505775275,1,29
9.5,70.71677532696646,1,29
10.25,38.2885970951857,1,29
11.0,20.32699642207007,1,29
11.75,43.632929095918804,1,29
12.5,70.17698390919756,1,29
13.25,67.21481434511627,1,29
14.0,17.69568253929218,1,29
14.75,10.977809990270515,1,29
15.5,29.919443033389445,1,29
16.25,13.922187427445948,1,29
17.0,18.659891990933428,1,29
17.75,19.04300008533037,1,29
18.5,8.841059398564994,1,29
19.25,5.3368193890349165,1,29
20.0,5.617449760264259,1,29
20.75,3.6757134706995145,1,29
21.5,6.967270324181064,1,29
22.25,13.687206656935544,1,29
23.0,10.859762769726345,1,29
23.75,9.109297160775563,1,29
24.5,34.26212212176581,1,29
25.25,23.852952731277334,1,29
26.0,25.11458642624482,1,29
26.75,27.422524346682064,1,29
27.5,37.38785624272124,1,29
28.25,37.82608454150566,1,29
29.0,77.59854536838911,1,29
29.75,71.66918617591544,1,29
30.5,62.136355423925444,1,29
31.25,27.605549792019755,1,29
32.0,37.07285700837213,1,29
32.75,37.950214551710964,1,29
33.5,50.07813790099782,1,29
34.25,40.166022445899564,1,29
35.0,34.69528259867234,1,29
35.75,17.59033787016764,1,29
36.5,4.030364879642626,1,29
37.25,17.51348618772132,1,29
38.0,10.515016374552054,1,29
38.75,29.860330273843573,1,29
39.5,24.31968534191928,1,29
40.25,8.217633403884172,1,29
41.0,0.39869694637346986,1,29
41.75,3.0503784057319687,1,29
42.5,2.7014401727886157,1,29
43.25,-1.414360849641169,1,29
44.0,-1.177818490729301,1,29
44.75,-3.332300594289505,1,29
45.5,1.0848688401139799,1,29
46.25,-2.8818830819885264,1,29
47.0,7.013064880285381,1,29
47.75,8.688255945270816,1,29
0.5,21.91099345425628,1,30
1.25,25.121687268991366,1,30
2.0,20.32768050921293,1,30
2.75,52.90046392355261,1,30
3.5,34.31982579296945,1,30
4.25,46.42921451726875,1,30
5.0,45.51796684611391,1,30
5.75,38.265860869661005,1,30
6.5,45.054640502407715,1,30
7.25,33.67977705541194,1,30
8.0,29.513280033893743,1,30
8.75,40.26640717696238,1,30
9.5,18.055922210773648,1,30
10.25,22.84814127799389,1,30
11.0,10.533653766760885,1,30
11.75,20.24145526252039,1,30
12.5,31.59944453327749,1,30
13.25,11.988114534698067,1,30
14.0,4.501180375367674,1,30
14.75,7.564801627901075,1,30
15.5,1.0879777065089766,1,30
16.25,-0.43152614452600163,1,30
17.0,-0.15570960095220504,1,30
17.75,-1.7208992332744149,1,30
18.5,-1.5975449229440886,1,30
19.25,-3.651633888050502,1,30
20.0,-0.8316423677515772,1,30
20.75,-1.293369010268345,1,30
21.5,2.841742863285829,1,30
22.25,-0.18806833592405245,1,30
23.0,-2.1857116899454496,1,30
23.75,1.205606907924385,1,30
24.5,4.280786268986577,1,30
25.25,9.684686166910538,1,30
26.0,6.142205028461788,1,30
26.75,18.434058253396568,1,30
27.5,21.379643398478056,1,30
28.25,17.33795641384142,1,30
29.0,7.465501501170451,1,30
29.75,30.39636285648444,1,30
30.5,35.97572910516834,1,30
31.25,16.605421853708215,1,30
32.0,14.06031747475022,1,30
32.75,64.95564358308197,1,30
33.5,28.37775884021908,1,30
34.25,11.790419909126202,1,30
35.0,18.955435512203305,1,30
35.75,24.460598219357912,1,30
36.5,21.698510599348214,1,30
37.25,16.023312300885422,1,30
38.0,18.183572373137885,1,30
38.75,4.984812794193756,1,30
39.5,5.9037746407876375,1,30
40.25,18.939494244466964,1,30
41.0,23.088248624813332,1,30
41.75,5.470730847318473,1,30
42.5,0.25111020357381203,1,30
43.25,0.3163700139914452,1,30
44.0,-2.724706598932996,1,30
44.75,5.680210696663938,1,30
45.5,2.7700502770418076,1,30
46.25,2.86140011497881,1,30
47.0,23.075111144419427,1,30
47.75,7.978099097840735,1,30
0.5,11.229547480733693,1,31
1.25,12.585432406349309,1,31
2.0,7.038640089866395,1,31
2.75,1.6201408895833813,1,31
3.5,42.144897121830724,1,31
4.25,26.37933165048227,1,31
5.0,48.1450715742975,1,31
5.75,14.878261684868384,1,31
6.5,7.475431441488214,1,31
7.25,23.191323189681206,1,31
8.0,23.64155194774704,1,31
8.75,13.055419725990298,1,31
9.5,15.959633834082545,1,31
10.25,16.1450884724275,1,31
11.0,10.601787466711594,1,31
11.75,15.139774246452111,1,31
12.5,29.378529077098648,1,31
13.25,24.17482300296518,1,31
14.0,0.330686064569111,1,31
14.75,4.073343817932941,1,31
15.5,0.6402096594415793,1,31
16.25,2.880625358998681,1,31
17.0,-0.5821394302096188,1,31
17.75,1.9579510905313937,1,31
18.5,-0.23839724890814545,1,31
19.25,1.9958985894066148,1,31
20.0,1.4311357492787926,1,31
20.75,-1.9681224159495023,1,31
21.5,-0.40560707939204077,1,31
22.25,8.163345299463186,1,31
23.0,-2.2374798106398845,1,31
23.75,6.5134096088166045,1,31
24.5,3.1640826822208847,1,31
25.25,3.497800471761807,1,31
26.0,6.909704493775623,1,31
26.75,3.5781889075588156,1,31
27.5,9.838412186002085,1,31
28.25,30.957314488199934,1,31
29.0,38.259213520614665,1,31
29.75,23.542287980762687,1,31
30.5,28.042164191783254,1,31
31.25,14.436967317368715,1,31
32.0,17.364059632663512,1,31
32.75,13.933461024820428,1,31
33.5,11.520716865033835,1,31
34.25,17.29952757083718,1,31
35.0,44.09247188023457,1,31
35.75,35.81295303679487,1,31
36.5,11.247883583011024,1,31
37.25,6.317642005999043,1,31
38.0,2.2477810866156647,1,31
38.75,1.4621252639014943,1,31
39.5,1.569309338813822,1,31
40.25,-0.7620171344936171,1,31
41.0,-0.9176814398473118,1,31
41.75,0.5255203024459205,1,31
42.5,-1.2746554926496423,1,31
43.25,-0.38012127340622287,1,31
44.0,-0.9214647179445032,1,31
44.75,0.9719507016632123,1,31
45.5,-1.5931100238202187,1,31
46.25,-2.0577171321228143,1,31
47.0,5.9413674001270955,1,31
47.75,6.9686237315977495,1,31
0.5,-0.5716789789713645,1,32
1.25,-1.2331073079763948,1,32
2.0,-1.1926757350748138,1,32
2.75,1.5944352855729278,1,32
3.5,10.57668489810754,1,32
4.25,16.697746272276763,1,32
5.0,46.22957523329606,1,32
5.75,36.04506038530888,1,32
6.5,43.839717370101894,1,32
7.25,16.298368763847584,1,32
8.0,13.9552833269802,1,32
8.75,25.352028455197267,1,32
9.5,32.33245369207652,1,32
10.25,30.97704442578363,1,32
11.0,12.994720455349553,1,32
11.75,3.49523036126862,1,32
12.5,1.5187713323050827,1,32
13.25,5.617626590938682,1,32
14.0,4.9978208899685335,1,32
14.75,-1.8674879177614625,1,32
15.5,3.5132263646690176,1,32
16.25,-0.28053949911059634,1,32
17.0,-1.113570454488243,1,32
17.75,1.4650042126430898,1,32
18.5,-0.9126222354160487,1,32
19.25,-0.3826801089076558,1,32
20.0,-3.8599554783315617,1,32
20.75,1.2659077749331074,1,32
21.5,3.365216797625904,1,32
22.25,1.8055041908987923,1,32
23.0,0.2918642544344019,1,32
23.75,34.7862076277533,1,32
24.5,34.23521159753433,1,32
25.25,26.262075915183352,1,32
26.0,21.945001956755036,1,32
26.75,42.77042904588189,1,32
27.5,18.855523255628945,1,32
28.25,20.699425351424537,1,32
29.0,35.16229675780555,1,32
29.75,75.82378442614458,1,32
30.5,78.45642391987249,1,32
31.25,70.62864068240381,1,32
32.0,45.02843799371635,1,32
32.75,28.66543186857783,1,32
33.5,26.805843606666432,1,32
34.25,51.12456306821036,1,32
35.0,23.05433947455946,1,32
35.75,24.355404913617182,1,32
36.5,52.22830364122883,1,32
37.25,43.035484222237486,1,32
38.0,14.003853772793924,1,32
38.75,17.853528593897835,1,32
39.5,7.369434777491794,1,32
40.25,2.7176220422711626,1,32
41.0,4.175861563092876,1,32
41.75,-1.8027221118586143,1,32
42.5,1.5055243665284488,1,32
43.25,-1.1005273997613592,1,32
44.0,-1.6460041677060824,1,32
44.75,-0.938776269639505,1,32
45.5,-0.42448575411114015,1,32
46.25,3.6464387720400024,1,32
47.0,0.6087614346755503,1,32
47.75,3.1991474734164607,1,32
0.5,2.724201442554012,1,33
1.25,20.158888584646803,1,33
2.0,49.68166338106443,1,33
2.75,35.56538481547225,1,33
3.5,44.39834594771844,1,33
4.25,61.56903800478345,1,33
5.0,46.87477716676971,1,33
5.75,40.78892743252951,1,33
6.5,40.814033694988225,1,33
7.25,93.85408792577198,1,33
8.0,85.43455679270674,1,33
8.75,110.7177126041226,1,33
9.5,75.87553092863948,1,33
10.25,29.310519574096286,1,33
11.0,38.097274550468214,1,33
11.75,50.55713721067339,1,33
12.5,84.76903065184634,1,33
13.25,71.59383649583303,1,33
14.0,11.565062199943668,1,33
14.75,10.687483420480321,1,33
15.5,6.672399530907423,1,33
16.25,4.821734287937784,1,33
17.0,0.2742510358107477,1,33
17.75,0.21289902471787414,1,33
18.5,-3.9812291499365258,1,33
19.25,8.544831169360211,1,33
20.0,6.575707478437637,1,33
20.75,2.272859940164312,1,33
21.5,1.6903215006000099,1,33
22.25,16.919075363935747,1,33
23.0,33.34464600584455,1,33
23.75,46.219527584403075,1,33
24.5,34.146598237732775,1,33
25.25,27.863511294584214,1,33
26.0,51.973260606373664,1,33
26.75,39.75137248399502,1,33
27.5,50.90042890678166,1,33
28.25,86.19613018507042,1,33
29.0,123.21960730294052,1,33
29.75,112.84297376177186,1,33
30.5,92.40639627403918,1,33
31.25,104.08126157510776,1,33
32.0,64.6467939991584,1,33
32.75,60.1366057450069,1,33
33.5,58.96661783642587,1,33
34.25,53.65817662667905,1,33
35.0,71.67130497565536,1,33
35.75,58.58445082273196,1,33
36.5,49.336732276135855,1,33
37.25,55.19470791875587,1,33
38.0,35.17072397681548,1,33
38.75,37.20829738124619,1,33
39.5,20.59669907731191,1,33
40.25,15.992806418828245,1,33
41.0,9.298259594288242,1,33
41.75,0.24892684560570935,1,33
42.5,-1.2098938221926532,1,33
43.25,-2.6602213924185443,1,33
44.0,-3.6839381086539396,1,33
44.75,0.0345597086806492,1,33
45.5,-0.4700123333432157,1,33
46.25,8.681474774000488,1,33
47.0,17.52222994640706,1,33
47.75,25.007632482970667,1,33
0.5,3.2022052867695474,1,34
1.25,26.240001285658522,1,34
2.0,37.04975106062611,1,34
2.75,25.954568091688106,1,34
3.5,23.864109456650066,1,34
4.25,23.068609355922508,1,34
5.0,31.523603760017057,1,34
5.75,19.37285276714296,1,34
6.5,6.662442947167651,1,34
7.25,26.54871058767281,1,34
8.0,22.92526256314612,1,34
8.75,8.604244785058283,1,34
9.5,7.806885081585246,1,34
10.25,5.958457317889962,1,34
11.0,13.274232735646999,1,34
11.75,13.541207639874045,1,34
12.5,14.156965170411803,1,34
13.25,-0.22997069091853106,1,34
14.0,2.189590211731307,1,34
14.75,4.124790852621418,1,34
15.5,7.196616358595781,1,34
16.25,3.2103069772261357,1,34
17.0,-0.1693653610821192,1,34
17.75,1.3977640881167879,1,34
18.5,5.134780498674576,1,34
19.25,1.230441656868338,1,34
20.0,0.32348699232390427,1,34
20.75,-1.3749277961363557,1,34
21.5,5.66971903930855,1,34
22.25,9.849835348431018,1,34
23.0,5.241677732826468,1,34
23.75,9.067043264045095,1,34
24.5,20.800345272774372,1,34
25.25,1.7998446807111526,1,34
26.0,17.633661547354766,1,34
26.75,18.347998220709687,1,34
27.5,20.47199529000957,1,34
28.25,16.14116634445443,1,34
29.0,20.18850716751934,1,34
29.75,36.750691976337414,1,34
30.5,23.339937676611044,1,34
31.25,28.634971736539118,1,34
32.0,37.005862763756255,1,34
32.75,28.98052301653276,1,34
33.5,26.70689999539676,1,34
34.25,22.0065050853188,1,34
35.0,23.490836092057453,1,34
35.75,16.290912908713505,1,34
36.5,0.12089246190146063,1,34
37.25,8.245188898292335,1,34
38.0,10.872688826922605,1,34
38.75,13.31352917259058,1,34
39.5,5.1447316879993,1,34
40.25,0.8804065456765741,1,34
41.0,-3.501033508121955,1,34
41.75,-0.9992300282827042,1,34
42.5,1.0238416110569357,1,34
43.25,-3.277707621009279,1,34
44.0,2.144373216222416,1,34
44.75,4.3418631036927255,1,34
45.5,9.91495623063679,1,34
46.25,11.176792815041432,1,34
47.0,5.633519936697899,1,34
47.75,5.460752212340884,1,34
0.5,1.1261230470918429,1,35
1.25,21.493149906840834,1,35
2.0,42.76469240774292,1,35
2.75,53.99963770814161,1,35
3.5,53.750059481166275,1,35
4.25,38.165080352124235,1,35
5.0,21.839194658275837,1,35
5.75,76.3568797968922,1,35
6.5,54.58111776493177,1,35
7.25,33.1216752005297,1,35
8.0,25.474890798359958,1,35
8.75,39.30951384653784,1,35
9.5,32.536935078792524,1,35
10.25,16.328355119061634,1,35
11.0,21.35196004934904,1,35
11.75,74.96421142341342,1,35
12.5,36.60469865042731,1,35
13.25,28.481531856795105,1,35
14.0,11.719132048404372,1,35
14.75,4.739612486854828,1,35
15.5,3.0890477622142125,1,35
16.25,0.8420828589359186,1,35
17.0,-1.6694119680239443,1,35
17.75,1.1953919417124748,1,35
18.5,1.0026733175795264,1,35
19.25,-1.7533604308954487,1,35
20.0,-1.1288527497235126,1,35
20.75,0.4091751490372362,1,35
21.5,2.8593275213591745,1,35
22.25,-2.016148269094146,1,35
23.0,0.2214272602607545,1,35
23.75,-0.6063432549421011,1,35
24.5,0.409577475636956,1,35
25.25,3.3239853575187035,1,35
26.0,2.478037846151185,1,35
26.75,33.50433066488371,1,35
27.5,35.70084957296225,1,35
28.25,41.08046744983035,1,35
29.0,27.93325295488978,1,35
29.75,33.122194604081244,1,35
30.5,29.62863914964381,1,35
31.25,20.84789514558935,1,35
32.0,9.030977924232044,1,35
32.75,18.518002757841998,1,35
33.5,27.957108765563373,1,35
34.25,18.08721430007042,1,35
35.0,14.109131321750276,1,35
35.75,26.828695736073723,1,35
36.5,24.045084015871243,1,35
37.25,18.746404677827854,1,35
38.0,20.42994161057558,1,35
38.75,2.452089949682481,1,35
39.5,-4.050188521229247,1,35
40.25,2.7133071295783724,1,35
41.0,14.58121966654505,1,35
41.75,0.24034618538432873,1,35
42.5,2.1987842646218154,1,35
43.25,-2.135567572430673,1,35
44.0,4.00371347279149,1,35
44.75,8.306132509273974,1,35
45.5,17.284844311069808,1,35
46.25,13.758227824900743,1,35
47.0,0.8784734416933331,1,35
47.75,9.022987468872413,1,35
0.5,14.364036391068314,1,36
1.25,14.286770482834537,1,36
2.0,37.1619631087904,1,36
2.75,13.687157910462052,1,36
3.5,11.562466925723093,1,36
4.25,33.88933922218932,1,36
5.0,14.119183744794611,1,36
5.75,6.433752557163969,1,36
6.5,1.4429164645002324,1,36
7.25,12.499347250283414,1,36
8.0,8.966609178257748,1,36
8.75,5.5722082221390625,1,36
9.5,5.593681908008752,1,36
10.25,7.246071531381924,1,36
11.0,32.84289581812415,1,36
11.75,32.001921140595755,1,36
12.5,33.86431863628451,1,36
13.25,48.520618472362294,1,36
14.0,25.465530167306575,1,36
14.75,29.432399478216116,1,36
15.5,16.059051797734615,1,36
16.25,2.7585871243689537,1,36
17.0,3.179761136911965,1,36
17.75,4.881692999608644,1,36
18.5,0.18441305352863213,1,36
19.25,0.987294978509533,1,36
20.0,3.917476175798902,1,36
20.75,-0.5733272458671109,1,36
21.5,-0.533085203373699,1,36
22.25,-2.7850869121567436,1,36
23.0,0.006625153522376795,1,36
23.75,4.11149206008783,1,36
24.5,3.6708590085546002,1,36
25.25,21.22274958210429,1,36
26.0,18.634459284539112,1,36
26.75,19.966142895039216,1,36
27.5,48.80309713918823,1,36
28.25,18.651413972421683,1,36
29.0,13.818377244752627,1,36
29.75,22.736119761005032,1,36
30.5,14.806177048769118,1,36
31.25,42.37038553731038,1,36
32.0,22.727282815500047,1,36
32.75,38.12205325720537,1,36
33.5,18.886269435588012,1,36
34.25,32.52477490481194,1,36
35.0,44.33923378739365,1,36
35.75,52.782075462056646,1,36
36.5,11.891701935881548,1,36
37.25,7.229159131200152,1,36
38.0,1.1894305333058912,1,36
38.75,13.825940343143426,1,36
39.5,8.142154487465366,1,36
40.25,8.298222208131726,1,36
41.0,5.719283858240551,1,36
41.75,0.8218150322479836,1,36
42.5,-2.551104480036745,1,36
43.25,-2.264120404331881,1,36
44.0,0.17992197522269585,1,36
44.75,0.43502947065550013,1,36
45.5,3.9326974476300967,1,36
46.25,3.164010004173257,1,36
47.0,3.6108576645388886,1,36
47.75,24.4586320921114,1,36
0.5,1.7657815425268015,1,37
1.25,23.81237111630444,1,37
2.0,35.61416259700029,1,37
2.75,27.81151457739051,1,37
3.5,47.33668922095892,1,37
4.25,71.80121080130873,1,37
5.0,59.37502692377369,1,37
5.75,69.92508874267477,1,37
6.5,56.718986285662844,1,37
7.25,51.796614659931905,1,37
8.0,30.090353038617664,1,37
8.75,60.316633081472396,1,37
9.5,62.6052902795375,1,37
10.25,53.14314210764583,1,37
11.0,75.8798521434015,1,37
11.75,46.83307399522783,1,37
12.5,43.10602331875951,1,37
13.25,18.370698023750393,1,37
14.0,29.91029079805023,1,37
14.75,20.407222565651416,1,37
15.5,3.727672476739973,1,37
16.25,2.661538661683125,1,37
17.0,9.841508387354347,1,37
17.75,3.1969600172278447,1,37
18.5,-0.36902897550199537,1,37
19.25,-1.0381056565872075,1,37
20.0,-3.5797982632912886,1,37
20.75,3.2564143464506956,1,37
21.5,5.202740106870153,1,37
22.25,14.488834378451058,1,37
23.0,36.450085912824534,1,37
23.75,23.670322210100146,1,37
24.5,29.430124037447,1,37
25.25,39.575496216281536,1,37
26.0,48.201294408728074,1,37
26.75,70.92770506406279,1,37
27.5,74.80078939326154,1,37
28.25,61.86694800541162,1,37
29.0,53.795408502629876,1,37
29.75,38.00297281642037,1,37
30.5,71.99073184124154,1,37
31.25,96.21563046842955,1,37
32.0,92.47289331743,1,37
32.75,78.75193708498126,1,37
33.5,67.08813068366406,1,37
34.25,59.95403714729034,1,37
35.0,46.91670359845631,1,37
35.75,45.82173082728885,1,37
36.5,26.040474096247603,1,37
37.25,39.76497835275966,1,37
38.0,29.541899118016953,1,37
38.75,18.50751938201386,1,37
39.5,8.664730763987029,1,37
40.25,5.207179273163754,1,37
41.0,-0.5548411433940039,1,37
41.75,1.8348209438613106,1,37
42.5,1.8689916943653218,1,37
43.25,0.9907567560892854,1,37
44.0,-0.9454864498432693,1,37
44.75,-0.650324024121819,1,37
45.5,-4.5564063616510175,1,37
46.25,11.788714494026507,1,37
47.0,22.786167104910717,1,37
47.75,30.87462493213232,1,37
0.5,7.16793393041206,1,38
1.25,14.408753371135838,1,38
2.0,11.528655520350407,1,38
2.75,37.132916432748715,1,38
3.5,13.386539744078934,1,38
4.25,27.84945694032365,1,38
5.0,34.45319006616312,1,38
5.75,35.895849842484594,1,38
6.5,33.92869020105631,1,38
7.25,22.241865983901288,1,38
8.0,15.437934365252882,1,38
8.75,15.210546053518236,1,38
9.5,19.995738250804987,1,38
10.25,12.30746843746259,1,38
11.0,7.605673203230108,1,38
11.75,10.33500177640388,1,38
12.5,21.222009261731138,1,38
13.25,13.450969853419505,1,38
14.0,7.104228533897844,1,38
14.75,11.17642745433947,1,38
15.5,13.597031862067741,1,38
16.25,1.4012915065087637,1,38
17.0,4.373404295613167,1,38
17.75,0.3332121366158278,1,38
18.5,0.8377116564397696,1,38
19.25,-2.4811901293605185,1,38
20.0,-2.7840634715621837,1,38
20.75,5.050664748153893,1,38
21.5,15.233645305821526,1,38
22.25,6.855662039015251,1,38
23.0,1.3092291481410157,1,38
23.75,10.517303798024328,1,38
24.5,7.724154826124173,1,38
25.25,5.076097777551067,1,38
26.0,12.531106609542398,1,38
26.75,19.975283382458564,1,38
27.5,25.90106254147637,1,38
28.25,41.58225024097171,1,38
29.0,19.892145936086393,1,38
29.75,13.367400196920054,1,38
30.5,23.089283420754732,1,38
31.25,29.26307496279672,1,38
32.0,36.4925365831713,1,38
32.75,35.981257677037426,1,38
33.5,24.475894637218122,1,38
34.25,6.560471065732595,1,38
35.0,19.757086481306644,1,38
35.75,14.138226737203667,1,38
36.5,10.647894384069648,1,38
37.25,9.574532282297124,1,38
38.0,7.85131023618447,1,38
38.75,0.23133099610405483,1,38
39.5,-1.140446214523096,1,38
40.25,-1.106789392605903,1,38
41.0,1.3233839855100753,1,38
41.75,-1.5292091537380603,1,38
42.5,-0.6790340145863012,1,38
43.25,0.9659045318810029,1,38
44.0,-2.142357492192068,1,38
44.75,2.9828803318214145,1,38
45.5,3.4815874244948857,1,38
46.25,6.173008699733255,1,38
47.0,8.141439446804487,1,38
47.75,11.924640132081311,1,38
0.5,13.405680783873516,1,39
1.25,8.891912627454541,1,39
2.0,3.4560179428173456,1,39
2.75,10.013228028874318,1,39
3.5,16.492382030279163,1,39
4.25,22.14924970929624,1,39
5.0,24.402763335982087,1,39
5.75,25.93936871369315,1,39
6.5,18.668538823925246,1,39
7.25,17.561714355185437,1,39
8.0,24.38611839043042,1,39
8.75,12.896088080929497,1,39
9.5,7.578972740348003,1,39
10.25,24.693751766438854,1,39
11.0,12.933665586218213,1,39
11.75,4.080407523033916,1,39
12.5,10.103046012508,1,39
13.25,9.645423662624191,1,39
14.0,11.063322371040977,1,39
14.75,-0.0730687454828658,1,39
15.5,3.539195159240508,1,39
16.25,1.5104220008570486,1,39
17.0,-0.2392042756583106,1,39
17.75,-1.542718296294619,1,39
18.5,-2.133070088478285,1,39
19.25,-3.6846432234934916,1,39
20.0,3.0784740801594017,1,39
20.75,-0.4986672189591445,1,39
21.5,4.927783140809122,1,39
22.25,-0.0961717301994871,1,39
23.0,5.553912161394558,1,39
23.75,-3.6798158069360336,1,39
24.5,0.6802669918462938,1,39
25.25,1.2646501332275544,1,39
26.0,9.17194298319687,1,39
26.75,9.09813086327293,1,39
27.5,19.327081697345633,1,39
28.25,15.886670964699691,1,39
29.0,3.622727373213216,1,39
29.75,5.845101519106979,1,39
30.5,22.531928607756644,1,39
31.25,27.288449501427948,1,39
32.0,33.03351632012805,1,39
32.75,31.189144526242597,1,39
33.5,44.154551044028224,1,39
34.25,20.12166246067795,1,39
35.0,10.428009330314369,1,39
35.75,14.589708125999039,1,39
36.5,20.225706456780994,1,39
37.25,13.997820023187584,1,39
38.0,4.75017144965548,1,39
38.75,2.2222732424177356,1,39
39.5,2.7712456683158044,1,39
40.25,-0.1385059106321965,1,39
41.0,-1.863911533516701,1,39
41.75,-0.35660565595046884,1,39
42.5,-1.6489287600345133,1,39
43.25,-2.8142855697793303,1,39
44.0,4.982502338870605,1,39
44.75,4.452225683469907,1,39
45.5,8.183173740843669,1,39
46.25,3.1317863815819837,1,39
47.0,6.729297651785251,1,39
47.75,5.831699231472173,1,39
0.5,11.830250495372145,1,40
1.25,78.12327605316989,1,40
2.0,105.59496957346265,1,40
2.75,68.43922296281872,1,40
3.5,113.24060965211154,1,40
4.25,57.374787669911335,1,40
5.0,84.92454695010493,1,40
5.75,119.41142185872992,1,40
6.5,75.41501895613443,1,40
7.25,89.88633420636704,1,40
8.0,70.082325018789,1,40
8.75,63.799814870601395,1,40
9.5,101.68311086134496,1,40
10.25,55.4067962382985,1,40
11.0,85.82036446757073,1,40
11.75,57.69821610547264,1,40
12.5,79.40977069212578,1,40
13.25,43.89324741405797,1,40
14.0,47.93663573447859,1,40
14.75,43.88115270300812,1,40
15.5,21.814035558424948,1,40
16.25,8.437886081583319,1,40
17.0,4.216027127420743,1,40
17.75,1.3826675913565238,1,40
18.5,1.4474635414854176,1,40
19.25,0.2202408539392327,1,40
20.0,11.18094970486311,1,40
20.75,9.032825375868779,1,40
21.5,4.601350016022349,1,40
22.25,18.3317177290491,1,40
23.0,26.879937810945158,1,40
23.75,43.09722244092714,1,40
24.5,66.45981809415167,1,40
25.25,68.04983531243842,1,40
26.0,55.09576513336548,1,40
26.75,77.33159237742822,1,40
27.5,61.57691697926109,1,40
28.25,92.58788528439283,1,40
29.0,88.19597191991463,1,40
29.75,86.44115090379297,1,40
30.5,101.93941079226353,1,40
31.25,112.8315529217816,1,40
32.0,76.1472716955247,1,40
32.75,105.4126984350981,1,40
33.5,127.20778238169088,1,40
34.25,107.71712316585905,1,40
35.0,64.7748139055554,1,40
35.75,86.3229618891333,1,40
36.5,75.00286981822497,1,40
37.25,44.018131922244585,1,40
38.0,30.852459646021316,1,40
38.75,15.439686461400914,1,40
39.5,5.406126701109007,1,40
40.25,1.031013537387811,1,40
41.0,0.40593627591283776,1,40
41.75,-2.0215503552888348,1,40
42.5,4.026617318919777,1,40
43.25,-0.9403987362870174,1,40
44.0,3.0900559804831227,1,40
44.75,-3.1753364186062734,1,40
45.5,-3.473892253059525,1,40
46.25,0.85899795179505,1,40
47.0,12.76067241184288,1,40
47.75,21.65339533964659,1,40
